{
    "Transaction": {
        "sessionId": "",
        "externalTransId": "{{externalTransId}}",
        "sender": "Coles",
        "customerId": "1234556",
        "itemLines": [
            {
                "barcode": "11204102",
                "id": 1,
                "price": 5.20,
                "quantity": 2,
                "total": 10.40
            },
            {
                "barcode": "600000060870",
                "id": 2,
                "price": 6,
                "quantity": 5,
                "total": 30
            }
        ],
        "paymentLines": [],
        "orderId": "1234",
        "type": "Sale",
        "allowAgeRestrictedItems": true
    }
}