{
    "Transaction": {
        "sessionId": "",
        "externalTransId": "",
        "sender": "ShellChina",
        "customerId": "",
        "itemLines": [
            {
                "barcode": "400102",
                "id": 1,
                "price": 99.99,
                "quantity": 5,
                "total": 9
            },
            {
                "id": 2,
                "pumpId": "1",
                "PumpTrsId": "980"
            }
        ],
        "paymentLines": [],
        "orderId": "",
        "type": "Sale"
    }
}