{
    "Transaction": {
        "sessionId": "",
        "externalTransId": "{{externalTransId}}",
        "sender": "Coles",
        "customerId": "1234556",
        "itemLines": [
            {
                "barcode": "600000062470",
                "id": 1,
                "price": 5.20,
                "quantity": 2,
                "total": 10.40
            },
            {
                "barcode": "600000061900",
                "id": 2,
                "price": 6,
                "quantity": 2,
                "total": 12
            }
        ],
        "paymentLines": [],
        "orderId": "1234",
        "type": "Sale",
        "ignoreTimeRestrictionsCheck": true
    }
}